구분,서울,부산,대구,인천,광주,대전,울산,경기,강원,충북,충남,전북,전남,경북,경남,제주,세종
2022년01월01일,1945.47,1838.68,1858.32,1780.52,1833.35,1801.64,1825.85,1848.21,1851.05,1816.43,1844.40,1848.07,1823.35,1842.88,1842.83,1964.17,1832.71
2022년01월02일,1945.95,1837.07,1858.32,1780.52,1833.35,1801.11,1825.85,1848.21,1858.15,1815.21,1846.84,1848.07,1822.96,1844.83,1838.82,1964.17,1829.86
2022년01월03일,1946.46,1838.16,1855.30,1780.52,1832.42,1801.64,1825.85,1847.07,1856.87,1816.00,1847.57,1848.07,1822.96,1843.70,1838.74,1964.17,1829.86
2022년01월04일,1945.77,1836.60,1854.02,1780.71,1831.37,1801.64,1825.85,1847.70,1855.03,1811.14,1849.22,1847.16,1824.52,1843.22,1838.74,1964.17,1829.86
2022년01월05일,1945.82,1836.34,1852.90,1780.45,1831.86,1801.90,1824.35,1848.19,1855.03,1809.51,1849.15,1846.07,1825.63,1842.49,1838.91,1964.17,1871.75
2022년01월06일,1944.97,1838.29,1851.48,1780.97,1831.86,1801.90,1824.35,1847.67,1851.41,1818.63,1847.87,1847.47,1824.52,1840.64,1839.26,1964.17,1871.75
2022년01월07일,1946.03,1838.55,1852.11,1787.76,1833.02,1801.90,1824.35,1848.08,1853.80,1817.47,1848.62,1849.91,1824.15,1840.88,1840.29,1964.17,1871.75
2022년01월08일,1944.27,1840.09,1852.59,1787.29,1833.02,1801.38,1823.85,1848.98,1857.67,1817.50,1848.83,1851.05,1824.15,1840.88,1841.50,1964.17,1871.75
2022년01월09일,1944.77,1840.09,1853.06,1787.44,1833.02,1802.41,1823.85,1848.96,1856.38,1817.50,1848.15,1851.05,1823.35,1840.74,1840.50,1964.17,1871.75
2022년01월10일,1944.96,1840.22,1853.22,1786.46,1833.02,1802.41,1823.85,1848.73,1857.69,1817.50,1848.37,1851.05,1824.15,1842.59,1843.20,1964.17,1871.75
2022년01월11일,1945.62,1842.26,1853.22,1788.00,1833.02,1804.08,1823.85,1851.54,1855.90,1817.50,1847.66,1851.05,1824.15,1842.59,1843.63,1965.83,1873.00
2022년01월12일,1946.08,1841.87,1854.17,1790.51,1835.91,1810.18,1832.45,1849.67,1856.67,1815.63,1850.30,1851.05,1824.15,1841.21,1843.88,1965.83,1873.00
2022년01월13일,1946.34,1843.79,1856.56,1791.17,1831.86,1810.69,1832.95,1850.75,1859.00,1815.63,1852.02,1849.47,1826.00,1843.83,1844.22,1977.50,1873.00
2022년01월14일,1946.59,1842.62,1856.87,1785.37,1832.67,1811.33,1843.45,1853.06,1859.17,1817.34,1853.91,1852.18,1827.48,1844.57,1843.77,1977.50,1878.00
2022년01월15일,1948.59,1846.78,1858.14,1796.86,1832.27,1809.63,1844.75,1854.26,1854.15,1819.71,1856.81,1853.70,1833.15,1847.67,1844.32,1977.50,1878.00
2022년01월16일,1948.99,1847.43,1858.62,1796.71,1832.27,1809.95,1845.25,1855.01,1854.44,1820.24,1856.81,1854.61,1830.68,1847.90,1845.63,1977.50,1878.00
2022년01월17일,1947.57,1848.86,1858.94,1798.24,1832.50,1813.79,1846.25,1855.97,1855.12,1820.24,1858.09,1858.14,1832.85,1848.38,1845.63,1977.50,1880.50
2022년01월18일,1951.12,1850.27,1860.70,1800.30,1835.82,1818.41,1846.25,1857.48,1855.86,1820.24,1859.89,1858.82,1832.85,1852.37,1845.66,1977.50,1880.50
2022년01월19일,1953.37,1852.22,1861.63,1796.47,1835.82,1820.49,1846.75,1858.99,1860.13,1820.24,1860.51,1860.93,1833.96,1854.86,1847.31,1977.50,1880.50
2022년01월20일,1959.97,1856.44,1864.97,1800.27,1838.77,1818.69,1848.65,1861.50,1860.80,1824.97,1862.43,1862.14,1839.37,1859.72,1853.88,1983.33,1886.75
2022년01월21일,1962.05,1857.91,1866.24,1811.08,1839.44,1821.95,1849.15,1865.27,1867.13,1826.29,1864.55,1868.20,1839.37,1859.71,1856.34,1983.33,1886.75
2022년01월22일,1962.96,1859.08,1866.84,1816.41,1840.11,1826.18,1848.15,1869.85,1866.30,1827.34,1871.53,1869.34,1839.37,1876.35,1853.63,1983.33,1888.00
2022년01월23일,1963.28,1859.34,1867.48,1818.30,1839.89,1827.21,1848.65,1870.53,1866.30,1828.21,1872.68,1870.25,1839.37,1877.98,1853.80,1983.33,1893.00
2022년01월24일,1963.84,1860.12,1867.48,1819.70,1840.11,1827.74,1850.15,1871.20,1870.63,1829.27,1874.38,1872.98,1840.11,1878.44,1854.39,1986.67,1893.00
2022년01월25일,1968.37,1861.68,1867.95,1815.87,1844.53,1829.47,1853.65,1873.66,1871.13,1829.27,1888.88,1877.56,1840.11,1881.79,1855.58,1986.67,1893.00
2022년01월26일,1970.46,1865.05,1870.22,1824.58,1844.98,1830.31,1858.65,1876.47,1874.85,1830.08,1878.35,1876.87,1840.11,1883.53,1859.22,1986.67,1893.00
2022년01월27일,1974.10,1870.44,1874.75,1826.37,1846.56,1837.62,1863.35,1878.43,1876.02,1841.05,1879.81,1875.63,1842.89,1889.91,1860.83,1986.67,1893.00
2022년01월28일,1975.51,1871.94,1877.54,1834.26,1849.71,1839.10,1863.35,1880.35,1880.59,1841.97,1883.15,1877.80,1844.00,1892.23,1861.41,1986.67,1900.50
2022년01월29일,1975.23,1874.79,1879.05,1835.24,1850.87,1842.44,1863.85,1882.19,1882.34,1843.73,1885.65,1879.54,1844.74,1894.51,1863.61,1986.67,1900.50
2022년01월30일,1975.52,1874.79,1879.05,1834.71,1850.73,1842.44,1863.85,1882.74,1883.51,1846.43,1887.23,1880.63,1844.74,1895.12,1864.05,1986.67,1900.50
2022년01월31일,1977.61,1877.03,1879.05,1834.77,1852.29,1843.59,1863.85,1883.74,1884.57,1845.76,1887.23,1887.09,1844.74,1895.35,1865.93,1986.67,1903.00
2022년02월01일,1984.09,1877.03,1879.37,1831.61,1856.82,1849.35,1863.85,1888.22,1889.39,1853.46,1888.85,1890.56,1846.65,1897.47,1867.49,1986.67,1906.75
2022년02월02일,1984.77,1876.61,1879.68,1832.10,1856.82,1853.15,1865.35,1889.32,1891.40,1852.70,1890.17,1891.67,1845.85,1898.95,1867.40,1986.67,1906.75
2022년02월03일,1987.09,1874.53,1881.27,1833.70,1857.04,1855.18,1867.40,1891.05,1892.07,1854.44,1892.04,1891.56,1846.96,1885.50,1871.34,1986.67,1906.75
2022년02월04일,1991.66,1879.08,1885.73,1844.18,1859.80,1858.00,1870.40,1895.12,1897.05,1858.89,1897.81,1895.20,1846.96,1888.45,1873.54,1986.67,1911.75
2022년02월05일,1991.88,1890.70,1893.97,1855.61,1861.20,1864.03,1879.85,1898.49,1895.65,1866.62,1901.25,1897.87,1848.63,1902.32,1880.24,2011.67,1916.75
2022년02월06일,1994.46,1893.66,1895.40,1858.23,1862.76,1864.03,1882.00,1899.87,1896.82,1866.08,1902.50,1900.53,1850.11,1905.12,1881.59,2017.50,1916.75
2022년02월07일,1995.36,1894.06,1896.75,1860.42,1863.16,1870.13,1884.30,1902.46,1900.32,1866.35,1905.27,1902.84,1852.33,1907.07,1882.68,2025.83,1926.75
2022년02월08일,2000.18,1894.84,1899.45,1864.22,1866.27,1875.54,1884.80,1905.84,1903.15,1871.62,1909.75,1906.93,1860.46,1909.36,1887.10,2025.83,1926.75
2022년02월09일,2014.43,1899.52,1900.27,1874.59,1871.67,1886.82,1887.80,1915.72,1910.38,1879.51,1912.53,1908.75,1862.25,1910.07,1894.08,2028.33,1930.50
2022년02월10일,2016.81,1908.22,1906.44,1876.22,1873.87,1888.62,1897.70,1919.58,1912.47,1882.62,1919.46,1909.20,1872.07,1915.74,1898.47,2028.33,1934.25
2022년02월11일,2017.92,1909.45,1910.65,1871.50,1877.44,1889.13,1900.40,1921.73,1913.48,1883.43,1920.52,1909.89,1873.14,1918.43,1900.44,2076.67,1939.25
2022년02월12일,2019.05,1912.96,1913.75,1877.16,1878.42,1890.21,1901.40,1924.09,1913.55,1886.95,1922.60,1911.73,1873.14,1918.81,1902.34,2076.67,1941.75
2022년02월13일,2019.50,1913.75,1916.05,1878.16,1881.42,1893.89,1902.90,1925.30,1915.88,1888.97,1923.33,1914.27,1873.14,1919.28,1903.24,2076.67,1941.75
2022년02월14일,2022.23,1915.01,1917.95,1879.85,1884.04,1895.62,1905.40,1927.55,1916.70,1890.05,1924.38,1917.20,1875.56,1920.56,1903.24,2076.67,1945.50
2022년02월15일,2023.64,1915.93,1920.40,1892.24,1887.49,1899.95,1907.90,1931.90,1920.48,1892.22,1925.90,1922.00,1883.33,1925.79,1904.93,2076.67,1945.50
2022년02월16일,2029.85,1919.36,1925.90,1898.92,1889.62,1909.70,1913.40,1936.34,1922.77,1895.73,1927.46,1922.45,1884.44,1929.28,1907.59,2093.33,1914.14
2022년02월17일,2031.49,1923.31,1926.70,1901.54,1890.29,1912.14,1915.40,1939.46,1924.07,1899.11,1931.00,1923.45,1885.93,1930.91,1908.78,2093.33,1949.25
2022년02월18일,2034.11,1923.87,1928.35,1903.89,1890.27,1916.61,1916.30,1943.88,1930.16,1899.38,1934.29,1924.14,1889.63,1935.79,1912.76,2093.33,1951.75
2022년02월19일,2033.92,1929.38,1931.59,1901.84,1894.11,1920.53,1918.30,1945.89,1933.44,1906.68,1938.52,1925.27,1893.11,1938.21,1917.76,2093.33,1955.50
2022년02월20일,2035.56,1932.23,1932.60,1905.52,1894.56,1921.58,1921.80,1947.07,1933.44,1912.35,1939.79,1924.82,1893.11,1938.21,1919.12,2093.33,1955.50
2022년02월21일,2037.61,1931.39,1934.21,1908.74,1896.71,1922.63,1926.35,1949.29,1935.41,1912.89,1939.16,1926.18,1895.33,1938.91,1918.28,2093.33,1959.25
2022년02월22일,2039.91,1934.87,1935.40,1916.05,1897.96,1922.05,1929.85,1951.45,1937.05,1912.35,1940.69,1927.32,1898.65,1940.88,1920.71,2093.33,1961.75
2022년02월23일,2043.34,1936.82,1935.70,1919.32,1899.40,1923.46,1930.35,1954.48,1941.69,1916.81,1941.02,1930.05,1898.70,1941.84,1923.79,2113.33,1961.75
2022년02월24일,2044.55,1941.86,1937.76,1922.00,1899.40,1924.23,1931.35,1956.22,1944.92,1917.89,1944.27,1931.64,1900.19,1944.16,1924.23,2113.33,1971.86
2022년02월25일,2045.84,1945.75,1943.00,1925.09,1900.87,1929.13,1935.80,1958.26,1948.74,1918.97,1947.16,1935.95,1906.85,1950.67,1938.05,2126.67,1965.50
2022년02월26일,2050.20,1949.99,1946.32,1929.00,1907.27,1933.23,1939.55,1962.91,1951.20,1919.51,1951.08,1937.77,1909.59,1957.00,1941.61,2126.67,1971.13
2022년02월27일,2051.11,1950.04,1948.14,1931.69,1909.16,1934.00,1940.05,1963.96,1953.33,1920.49,1951.69,1937.09,1911.81,1958.42,1944.02,2126.67,1971.13
2022년02월28일,2051.30,1953.14,1949.41,1932.97,1911.89,1934.00,1946.05,1965.87,1957.83,1923.05,1952.51,1941.64,1914.41,1959.12,1944.68,2126.67,1973.63
2022년03월01일,2062.39,1955.94,1956.13,1937.38,1920.33,1942.46,1955.55,1972.45,1962.27,1938.41,1964.33,1946.70,1925.89,1962.79,1948.75,2126.67,1978.63
2022년03월02일,2064.21,1958.01,1958.51,1940.27,1923.69,1946.31,1959.05,1974.83,1965.63,1943.57,1966.63,1950.14,1930.70,1966.93,1949.09,2126.67,1978.63
2022년03월03일,2070.38,1968.25,1967.63,1949.11,1925.87,1957.44,1965.55,1979.94,1972.97,1943.84,1977.35,1957.05,1933.67,1975.12,1958.46,2126.67,1986.13
2022년03월04일,2085.01,1984.87,1986.79,1960.17,1942.16,1971.84,1985.05,1990.39,1983.17,1964.27,1994.69,1973.30,1954.22,1986.49,1977.53,2126.67,2011.13
2022년03월05일,2100.95,1992.27,2000.27,1972.95,1944.82,1983.92,1999.30,2002.28,1994.81,1973.73,2005.83,1991.44,1963.67,1999.23,1994.73,2164.17,2026.00
2022년03월06일,2106.03,1996.78,2004.95,1979.48,1948.89,1996.67,2021.90,2013.33,2005.87,1985.62,2018.65,2001.77,1965.52,2003.42,1998.64,2164.17,2038.50
2022년03월07일,2115.86,2018.84,2017.25,1995.86,1953.47,2008.79,2032.70,2023.49,2011.28,1993.32,2031.62,2015.02,1970.70,2012.12,2015.15,2171.67,2049.75
2022년03월08일,2146.99,2091.80,2046.36,2025.78,1996.55,2072.92,2070.75,2057.73,2048.35,2016.69,2065.55,2034.53,2010.85,2041.70,2059.03,2276.33,2074.75
2022년03월09일,2173.16,2141.05,2071.66,2062.17,2046.40,2088.15,2107.80,2087.01,2066.59,2066.69,2098.19,2054.70,2057.33,2077.84,2102.51,2276.33,2104.75
2022년03월10일,2196.04,2147.96,2091.64,2093.19,2060.56,2117.62,2132.65,2111.24,2076.22,2080.86,2112.87,2067.40,2077.74,2101.40,2112.25,2276.33,2109.75
2022년03월11일,2225.54,2186.68,2137.92,2124.44,2096.09,2157.56,2170.90,2136.17,2106.02,2117.64,2162.38,2094.65,2120.37,2117.26,2143.39,2276.33,2170.00
2022년03월12일,2255.97,2202.16,2162.83,2155.00,2112.27,2176.54,2192.55,2166.69,2131.50,2137.31,2179.45,2118.19,2127.93,2142.40,2159.12,2378.00,2180.00
2022년03월13일,2258.64,2213.06,2166.95,2164.95,2115.44,2178.79,2208.65,2175.57,2149.32,2139.81,2192.60,2130.51,2130.15,2150.81,2162.34,2378.00,2192.50
2022년03월14일,2270.94,2226.56,2189.68,2169.83,2125.24,2186.74,2229.15,2190.91,2158.15,2149.97,2204.72,2146.56,2137.56,2164.26,2176.24,2378.00,2217.50
2022년03월15일,2294.03,2240.56,2202.63,2196.70,2137.89,2197.15,2243.15,2205.17,2168.53,2168.31,2209.62,2154.09,2143.35,2174.70,2197.55,2375.14,2228.50
2022년03월16일,2300.86,2241.06,2206.71,2206.70,2148.11,2204.59,2242.35,2211.36,2166.76,2177.92,2217.68,2155.02,2140.46,2176.93,2202.80,2375.14,2231.00
2022년03월17일,2301.39,2241.18,2205.76,2209.03,2149.82,2204.59,2236.55,2212.08,2168.80,2183.86,2219.19,2156.21,2141.22,2172.47,2200.42,2375.14,2231.00
2022년03월18일,2299.32,2235.66,2205.44,2210.46,2150.71,2202.03,2236.05,2210.86,2170.15,2176.36,2210.68,2153.42,2150.93,2172.93,2197.00,2383.71,2231.00
2022년03월19일,2298.98,2233.84,2196.11,2212.57,2144.49,2199.60,2223.70,2210.82,2174.15,2175.67,2213.36,2147.60,2151.93,2169.90,2195.31,2386.57,2206.00
2022년03월20일,2298.56,2233.84,2196.11,2205.82,2145.60,2199.60,2212.42,2210.65,2174.23,2177.61,2215.49,2147.60,2151.68,2170.14,2202.07,2386.57,2206.00
2022년03월21일,2298.57,2232.88,2196.43,2211.63,2145.09,2199.60,2218.70,2210.31,2175.08,2178.72,2215.49,2147.60,2153.46,2170.86,2202.75,2386.57,2206.00
2022년03월22일,2294.42,2232.49,2196.75,2211.78,2145.82,2195.85,2217.20,2209.14,2175.78,2177.50,2217.62,2148.77,2153.46,2172.44,2203.42,2386.57,2206.00
2022년03월23일,2293.76,2232.88,2198.33,2210.30,2146.16,2195.60,2218.70,2208.82,2177.31,2177.22,2217.62,2150.86,2164.03,2173.09,2203.95,2371.33,2204.75
2022년03월24일,2291.34,2233.14,2199.97,2209.19,2149.67,2195.70,2213.70,2208.27,2170.71,2177.78,2218.89,2152.02,2158.17,2174.26,2201.98,2369.43,2204.75
2022년03월25일,2285.96,2232.90,2201.60,2205.11,2146.44,2195.70,2213.70,2206.27,2169.83,2177.81,2219.53,2152.95,2154.03,2177.05,2204.41,2369.43,2204.75
2022년03월26일,2283.19,2233.16,2198.03,2201.30,2147.58,2195.70,2209.95,2204.22,2169.41,2177.81,2219.96,2154.21,2154.03,2175.31,2205.67,2329.43,2212.25
2022년03월27일,2283.30,2232.64,2198.03,2201.44,2147.58,2198.90,2209.95,2204.13,2175.08,2179.16,2220.17,2152.95,2154.03,2176.26,2204.98,2329.43,2186.14
2022년03월28일,2284.85,2232.61,2198.03,2197.63,2147.44,2198.90,2208.95,2202.89,2174.58,2177.55,2219.53,2154.70,2146.68,2177.17,2206.79,2329.43,2212.25
2022년03월29일,2290.50,2231.26,2197.68,2197.20,2147.89,2198.38,2208.95,2204.29,2174.42,2177.55,2219.64,2156.09,2146.68,2177.05,2206.98,2329.43,2212.25
2022년03월30일,2288.62,2230.48,2198.16,2195.95,2147.22,2198.38,2208.95,2203.69,2173.25,2176.00,2219.40,2157.81,2146.68,2175.70,2201.39,2329.43,2212.25
2022년03월31일,2288.32,2230.31,2195.10,2194.98,2147.22,2198.38,2207.95,2202.92,2168.47,2175.47,2220.89,2157.81,2146.68,2179.84,2201.84,2329.43,2212.25
2022년04월01일,2287.34,2230.31,2194.05,2185.84,2147.71,2199.24,2207.90,2201.57,2169.32,2173.79,2219.17,2157.81,2144.21,2179.53,2200.37,2329.43,2212.25
2022년04월02일,2276.99,2227.32,2192.17,2183.00,2145.18,2191.61,2204.90,2192.76,2161.32,2167.63,2217.71,2154.49,2144.21,2172.84,2194.02,2316.57,2208.50
2022년04월03일,2270.93,2227.32,2190.78,2182.84,2145.18,2188.45,2204.90,2191.90,2167.05,2166.47,2215.31,2153.67,2144.21,2172.16,2192.53,2309.67,2208.50
2022년04월04일,2271.28,2226.59,2190.80,2180.72,2145.18,2188.45,2204.90,2190.92,2166.56,2166.47,2216.04,2153.67,2144.21,2172.84,2191.96,2308.00,2208.50
2022년04월05일,2263.20,2221.05,2189.62,2170.27,2142.18,2186.61,2199.90,2187.02,2166.85,2165.16,2211.49,2153.56,2138.50,2172.16,2192.02,2303.71,2208.50
2022년04월06일,2267.33,2220.79,2189.62,2168.56,2140.59,2185.82,2195.50,2186.28,2166.00,2162.95,2209.38,2152.63,2139.96,2171.48,2191.16,2309.43,2208.50
2022년04월07일,2265.48,2220.39,2187.92,2167.45,2136.51,2180.13,2195.30,2184.43,2160.00,2163.74,2208.55,2152.63,2138.14,2170.09,2189.72,2309.43,2208.50
2022년04월08일,2263.56,2220.55,2184.66,2166.27,2139.70,2179.34,2189.30,2182.79,2166.21,2163.74,2203.04,2151.47,2141.36,2168.57,2189.72,2309.43,2208.50
2022년04월09일,2261.33,2219.37,2182.42,2163.25,2138.85,2179.34,2187.10,2182.34,2165.68,2162.68,2202.63,2151.47,2139.93,2168.34,2187.90,2309.43,2208.50
2022년04월10일,2257.89,2217.03,2182.42,2161.75,2138.85,2181.35,2187.10,2181.72,2165.75,2161.89,2204.67,2151.47,2139.93,2171.47,2188.03,2309.43,2221.00
2022년04월11일,2258.50,2214.37,2182.42,2168.11,2138.85,2180.92,2190.60,2181.33,2166.08,2161.63,2206.68,2151.47,2139.57,2168.05,2187.60,2309.43,2207.25
2022년04월12일,2261.02,2215.84,2182.25,2165.15,2138.85,2179.63,2190.60,2180.23,2165.81,2158.74,2203.21,2150.07,2139.57,2165.98,2188.66,2280.86,2207.25
2022년04월13일,2259.34,2216.00,2182.25,2162.82,2138.85,2180.42,2189.95,2178.65,2165.48,2157.42,2200.80,2150.07,2138.14,2166.00,2187.54,2280.86,2207.25
2022년04월14일,2258.70,2216.26,2181.06,2161.40,2138.85,2177.21,2189.95,2176.63,2165.48,2154.62,2198.04,2150.07,2138.14,2165.77,2187.71,2280.86,2205.38
2022년04월15일,2257.53,2215.74,2180.44,2151.70,2138.64,2175.76,2189.45,2175.09,2165.00,2154.82,2197.12,2150.07,2139.21,2166.11,2187.71,2248.00,2205.38
2022년04월16일,2256.07,2208.82,2179.81,2151.77,2138.64,2174.45,2189.45,2174.22,2164.68,2154.82,2197.22,2150.56,2139.21,2166.48,2185.68,2248.00,2205.38
2022년04월17일,2255.99,2209.46,2179.81,2151.77,2138.64,2173.66,2189.45,2173.73,2164.68,2151.74,2197.22,2150.56,2139.21,2167.27,2185.88,2248.00,2205.38
2022년04월18일,2256.81,2209.08,2179.81,2156.83,2137.79,2174.45,2189.45,2174.11,2164.65,2151.23,2196.41,2150.09,2140.64,2167.33,2186.19,2248.00,2205.38
2022년04월19일,2253.21,2210.74,2179.80,2156.46,2138.42,2174.45,2189.45,2174.21,2164.66,2151.10,2197.33,2152.28,2142.14,2167.47,2185.17,2248.00,2205.38
2022년04월20일,2251.77,2210.74,2178.86,2156.49,2140.81,2173.92,2189.45,2173.94,2165.31,2153.15,2196.82,2155.07,2155.36,2167.75,2185.17,2248.00,2205.38
2022년04월21일,2249.58,2210.94,2179.41,2149.03,2141.44,2173.92,2189.95,2173.96,2165.31,2153.67,2200.69,2156.02,2156.07,2165.84,2185.03,2248.00,2205.38
2022년04월22일,2250.24,2211.58,2175.64,2153.24,2141.44,2173.13,2189.95,2173.90,2165.31,2153.67,2202.73,2157.65,2158.93,2163.45,2184.86,2248.00,2205.38
2022년04월23일,2249.29,2211.71,2175.48,2154.71,2140.67,2173.39,2189.95,2174.27,2164.39,2152.90,2202.73,2157.88,2158.93,2163.23,2185.42,2276.57,2205.38
2022년04월24일,2248.13,2211.71,2175.48,2154.44,2141.15,2173.39,2190.45,2174.75,2164.39,2152.90,2202.73,2157.42,2158.93,2163.00,2185.42,2276.57,2205.38
2022년04월25일,2256.07,2211.79,2175.48,2154.32,2141.69,2173.16,2190.45,2174.96,2165.68,2152.90,2202.73,2157.42,2158.93,2163.00,2185.42,2276.57,2202.88
2022년04월26일,2260.36,2210.40,2176.27,2155.29,2143.15,2173.16,2190.45,2175.94,2164.92,2153.08,2203.14,2159.95,2158.93,2162.82,2184.92,2279.43,2202.88
2022년04월27일,2262.94,2210.40,2176.42,2153.08,2143.56,2173.16,2190.45,2179.33,2164.79,2153.33,2203.14,2159.95,2158.93,2162.48,2184.48,2279.43,2202.88
2022년04월28일,2264.79,2211.90,2177.69,2152.65,2144.69,2172.89,2190.45,2179.86,2160.03,2152.82,2202.53,2160.42,2158.93,2163.73,2185.69,2279.43,2202.88
2022년04월29일,2266.51,2212.54,2177.83,2155.29,2146.63,2173.95,2188.95,2181.28,2161.25,2153.59,2204.17,2164.60,2158.93,2164.70,2194.95,2279.43,2175.43
2022년04월30일,2268.08,2212.54,2179.23,2156.25,2146.00,2175.89,2192.45,2182.92,2166.03,2161.03,2208.65,2175.88,2158.93,2165.86,2199.51,2279.43,2175.43
2022년05월01일,2224.47,2174.55,2152.67,2100.92,2113.50,2127.34,2148.90,2142.32,2131.47,2136.33,2182.55,2147.93,2125.93,2137.75,2162.67,2243.86,2116.57
2022년05월02일,2217.43,2169.46,2144.86,2092.68,2110.85,2125.16,2138.10,2135.78,2127.71,2128.82,2175.12,2143.05,2122.36,2132.98,2160.88,2229.00,2111.57
2022년05월03일,2205.11,2164.82,2143.38,2089.91,2108.10,2124.16,2137.10,2129.46,2125.31,2121.10,2169.00,2141.88,2111.64,2130.93,2157.22,2229.00,2100.14
2022년05월04일,2207.09,2163.79,2138.43,2086.37,2108.23,2122.05,2135.60,2127.90,2122.78,2119.63,2171.45,2141.24,2102.29,2128.50,2157.56,2229.00,2100.14
2022년05월05일,2206.64,2163.59,2137.48,2089.35,2106.04,2119.68,2135.60,2126.98,2120.03,2120.38,2166.80,2140.52,2100.86,2127.64,2153.50,2228.00,2137.00
2022년05월06일,2206.74,2164.92,2136.84,2091.05,2103.96,2119.68,2133.60,2128.15,2119.97,2119.25,2163.82,2141.48,2100.86,2127.16,2149.92,2228.00,2137.00
2022년05월07일,2207.94,2168.13,2136.84,2093.02,2103.96,2119.68,2133.60,2130.91,2120.64,2119.75,2166.47,2147.43,2104.79,2129.32,2149.72,2233.71,2139.50
2022년05월08일,2208.84,2177.62,2144.94,2102.34,2111.25,2130.53,2136.00,2133.95,2125.86,2124.75,2167.85,2150.79,2117.82,2132.39,2157.86,2233.71,2118.00
2022년05월09일,2213.61,2177.87,2147.52,2103.40,2115.71,2132.61,2149.60,2135.63,2127.23,2130.10,2172.31,2155.07,2122.64,2138.16,2157.69,2233.71,2103.00
2022년05월10일,2229.30,2183.58,2155.86,2111.24,2119.54,2146.82,2156.80,2148.67,2135.11,2141.40,2180.92,2156.48,2126.21,2144.86,2166.72,2272.29,2150.13
2022년05월11일,2232.93,2182.55,2155.83,2113.18,2120.23,2149.79,2155.50,2150.98,2133.92,2145.00,2183.78,2155.81,2127.64,2144.86,2167.37,2272.29,2157.63
2022년05월12일,2234.95,2184.17,2158.84,2122.68,2124.94,2154.21,2159.50,2156.19,2135.98,2146.70,2191.02,2158.90,2130.50,2149.18,2170.92,2272.29,2162.63
2022년05월13일,2241.22,2187.42,2161.86,2125.27,2125.71,2156.69,2162.60,2161.57,2146.29,2147.45,2195.73,2159.38,2132.82,2151.82,2169.24,2272.29,2168.13
2022년05월14일,2244.38,2189.18,2164.03,2126.42,2127.90,2160.54,2163.10,2164.31,2148.83,2148.18,2196.98,2160.48,2133.29,2156.00,2167.65,2272.29,2168.13
2022년05월15일,2240.90,2189.18,2164.67,2129.05,2128.94,2160.79,2163.10,2165.31,2149.75,2149.93,2197.40,2161.17,2134.00,2158.79,2168.77,2272.29,2173.13
2022년05월16일,2242.14,2189.56,2166.06,2130.14,2129.56,2160.79,2163.60,2168.52,2149.75,2150.18,2198.65,2161.64,2134.71,2159.95,2169.26,2272.29,2173.13
2022년05월17일,2254.09,2198.50,2169.83,2135.15,2132.42,2162.38,2173.95,2172.96,2154.75,2150.18,2196.91,2162.83,2139.71,2164.95,2172.63,2295.14,2176.63
2022년05월18일,2255.60,2202.35,2170.56,2137.82,2133.88,2164.31,2179.95,2175.98,2156.88,2151.83,2197.55,2165.14,2147.82,2169.50,2173.61,2295.14,2180.38
2022년05월19일,2260.01,2208.14,2178.52,2140.97,2138.56,2171.38,2183.15,2181.82,2168.18,2159.95,2204.50,2167.33,2154.61,2177.51,2179.45,2295.14,2182.88
2022년05월20일,2268.39,2210.58,2179.60,2143.71,2142.73,2177.93,2185.00,2186.39,2170.65,2161.20,2208.94,2171.05,2158.89,2180.84,2182.68,2295.14,2184.13
2022년05월21일,2275.35,2215.03,2181.58,2150.71,2144.21,2178.93,2188.00,2188.43,2173.19,2162.55,2217.94,2172.21,2161.75,2184.58,2187.90,2313.71,2190.38
2022년05월22일,2278.00,2216.76,2184.05,2153.14,2144.63,2180.55,2193.50,2189.85,2170.22,2163.05,2218.76,2172.21,2163.54,2188.84,2190.00,2313.71,2190.38
2022년05월23일,2283.64,2220.76,2184.66,2158.35,2144.63,2181.30,2194.00,2193.48,2174.59,2167.58,2222.47,2171.91,2163.54,2190.84,2191.89,2313.71,2195.38
2022년05월24일,2296.27,2229.54,2191.25,2168.21,2152.58,2191.20,2204.30,2199.59,2182.78,2172.30,2226.14,2174.98,2176.18,2192.98,2198.81,2326.86,2199.13
2022년05월25일,2300.80,2230.51,2191.29,2177.15,2153.27,2193.90,2204.80,2205.61,2186.03,2177.05,2222.37,2176.41,2180.11,2195.20,2205.30,2326.86,2204.13
2022년05월26일,2306.83,2236.42,2191.77,2176.85,2153.35,2192.68,2207.00,2207.28,2192.25,2177.30,2224.90,2180.95,2180.29,2194.82,2206.95,2332.57,2206.63
2022년05월27일,2309.79,2240.09,2194.20,2177.13,2162.60,2194.05,2213.00,2211.88,2194.20,2179.38,2232.18,2182.36,2184.57,2199.04,2209.09,2332.57,2206.63
2022년05월28일,2312.41,2245.01,2196.60,2180.22,2162.81,2194.05,2214.40,2215.67,2194.98,2182.88,2234.88,2182.82,2187.61,2201.93,2212.31,2332.57,2206.63
2022년05월29일,2311.72,2245.01,2197.06,2181.24,2163.77,2194.95,2215.90,2216.16,2194.83,2183.63,2234.88,2184.96,2187.43,2202.44,2215.47,2332.57,2206.63
2022년05월30일,2316.11,2245.77,2198.92,2181.46,2166.21,2196.58,2215.90,2218.08,2194.83,2183.13,2235.08,2185.98,2188.82,2203.78,2215.38,2332.57,2210.38
2022년05월31일,2319.17,2249.75,2204.98,2186.33,2169.06,2200.98,2219.85,2221.37,2198.75,2188.65,2237.12,2186.47,2193.14,2205.57,2221.64,2332.57,2212.88
2022년06월01일,2314.60,2247.82,2208.22,2191.06,2168.98,2208.15,2223.00,2223.82,2199.51,2189.90,2239.96,2190.16,2198.54,2213.52,2230.91,2332.57,2221.63
2022년06월02일,2319.10,2248.97,2212.11,2193.11,2170.85,2211.92,2224.50,2226.00,2200.92,2192.65,2241.80,2191.27,2200.14,2214.66,2236.05,2332.57,2224.13
2022년06월03일,2320.81,2250.13,2220.23,2196.94,2174.56,2212.13,2225.50,2229.22,2203.34,2199.78,2240.64,2194.18,2200.86,2217.39,2240.19,2332.57,2226.63
2022년06월04일,2322.75,2255.94,2225.83,2207.58,2183.28,2226.38,2230.75,2233.89,2208.39,2205.15,2250.67,2198.18,2209.68,2221.36,2241.50,2366.86,2235.75
2022년06월05일,2325.71,2256.06,2227.47,2209.22,2188.47,2228.63,2233.65,2235.26,2210.42,2208.13,2253.53,2202.71,2209.68,2222.41,2242.75,2366.86,2245.75
2022년06월06일,2328.38,2257.71,2228.71,2212.30,2192.11,2230.93,2234.15,2237.39,2211.34,2212.35,2254.45,2202.71,2211.82,2229.33,2245.06,2366.86,2248.25
2022년06월07일,2329.93,2260.04,2232.82,2214.69,2192.96,2233.55,2236.65,2244.07,2213.27,2220.60,2257.43,2205.69,2216.70,2231.89,2248.50,2358.43,2252.00
2022년06월08일,2335.21,2263.31,2237.18,2225.48,2200.19,2241.85,2244.65,2251.60,2221.08,2225.38,2266.25,2211.18,2226.63,2236.32,2256.67,2350.00,2257.25
2022년06월09일,2342.26,2267.95,2239.61,2230.36,2200.29,2242.80,2245.10,2260.13,2225.42,2231.28,2271.16,2216.73,2232.19,2247.43,2262.14,2350.00,2262.38
2022년06월10일,2351.51,2283.49,2246.94,2240.09,2205.44,2254.03,2259.20,2267.92,2232.05,2237.80,2277.51,2227.00,2242.19,2260.02,2267.52,2350.00,2264.88
2022년06월11일,2350.58,2288.89,2261.26,2257.54,2211.63,2260.20,2271.65,2272.03,2250.47,2243.30,2290.48,2243.40,2244.67,2267.98,2277.71,2350.00,2269.88
2022년06월12일,2350.24,2290.84,2265.05,2262.62,2213.19,2263.45,2274.15,2275.15,2253.91,2244.30,2290.88,2246.33,2245.63,2273.20,2281.30,2350.00,2274.88
2022년06월13일,2360.74,2292.90,2269.82,2267.90,2216.10,2269.20,2276.15,2280.71,2254.86,2251.30,2294.61,2253.07,2248.22,2277.07,2285.03,2350.00,2283.63
2022년06월14일,2371.67,2296.58,2275.20,2270.51,2220.00,2271.40,2273.48,2285.62,2266.41,2260.88,2298.25,2258.16,2253.41,2280.14,2288.24,2401.43,2296.13
2022년06월15일,2376.14,2296.56,2279.45,2276.10,2222.54,2277.90,2283.38,2293.05,2269.50,2261.49,2301.29,2263.39,2253.41,2287.07,2291.10,2401.43,2303.63
2022년06월16일,2379.67,2305.12,2286.64,2278.39,2227.42,2278.13,2286.24,2297.91,2272.78,2263.88,2304.55,2265.43,2255.22,2290.48,2293.43,2401.43,2308.63
2022년06월17일,2385.42,2320.41,2293.67,2285.25,2235.94,2289.58,2296.29,2303.43,2279.50,2270.00,2312.13,2269.87,2271.78,2296.66,2303.78,2401.43,2313.38
2022년06월18일,2387.80,2322.41,2298.14,2286.88,2241.77,2291.98,2298.19,2309.99,2281.98,2271.95,2322.65,2275.00,2275.70,2301.02,2309.81,2401.43,2318.63
2022년06월19일,2389.33,2323.16,2301.47,2290.36,2244.06,2294.48,2304.86,2311.80,2283.08,2274.51,2325.06,2276.98,2275.70,2304.05,2311.87,2401.43,2329.88
2022년06월20일,2391.86,2324.41,2302.52,2293.26,2263.57,2294.98,2305.33,2313.87,2287.23,2277.80,2326.40,2281.64,2275.70,2304.52,2312.67,2401.43,2332.38
2022년06월21일,2401.49,2328.49,2310.62,2299.68,2253.58,2304.23,2310.29,2322.63,2293.34,2282.44,2328.69,2282.91,2284.56,2308.74,2317.69,2401.43,2337.38
2022년06월22일,2410.73,2331.72,2312.55,2304.22,2260.35,2312.98,2311.62,2327.93,2299.92,2287.20,2333.12,2286.00,2289.00,2310.17,2321.97,2401.43,2343.63
2022년06월23일,2416.85,2341.48,2313.57,2307.26,2261.81,2316.35,2314.95,2332.26,2305.00,2288.66,2333.38,2293.62,2292.19,2310.35,2323.61,2392.86,2352.13
2022년06월24일,2425.16,2349.16,2325.83,2310.72,2268.98,2325.08,2323.52,2336.50,2310.21,2293.05,2338.75,2296.89,2302.41,2314.84,2328.80,2388.57,2355.88
2022년06월25일,2426.56,2350.10,2327.58,2317.64,2271.35,2328.33,2332.10,2338.49,2313.47,2295.24,2339.52,2299.02,2305.74,2315.86,2333.46,2388.57,2355.88
2022년06월26일,2428.37,2352.49,2329.98,2320.81,2272.96,2330.85,2329.81,2339.83,2313.56,2298.29,2340.45,2299.69,2307.59,2318.07,2337.15,2388.57,2358.38
2022년06월27일,2432.84,2352.00,2332.21,2323.54,2279.77,2330.51,2331.71,2342.45,2316.54,2298.78,2344.35,2302.09,2311.63,2319.70,2338.23,2388.57,2360.88
2022년06월28일,2434.27,2354.05,2335.40,2329.75,2283.65,2335.00,2333.14,2343.94,2317.94,2299.51,2346.40,2306.87,2312.96,2325.41,2339.31,2388.57,2371.38
2022년06월29일,2435.22,2355.90,2334.44,2331.80,2286.27,2335.77,2334.10,2345.53,2316.87,2302.07,2348.12,2312.09,2318.68,2331.57,2340.77,2388.57,2350.86
2022년06월30일,2436.74,2359.88,2337.45,2331.42,2290.44,2339.85,2336.95,2347.72,2321.70,2303.49,2351.77,2313.37,2320.11,2334.09,2344.40,2388.57,2358.00
2022년07월01일,2400.33,2336.37,2318.16,2288.70,2272.21,2304.55,2305.55,2317.67,2296.77,2282.88,2330.85,2304.52,2300.75,2316.55,2317.63,2355.57,2351.00
2022년07월02일,2397.07,2330.59,2317.25,2285.12,2273.73,2303.05,2305.55,2314.33,2298.51,2278.17,2329.40,2302.64,2298.96,2314.56,2315.62,2349.71,2348.50
2022년07월03일,2396.41,2332.32,2315.91,2282.97,2272.33,2298.30,2305.55,2313.73,2298.41,2278.17,2329.40,2302.37,2296.46,2313.07,2312.45,2349.71,2348.50
2022년07월04일,2394.65,2332.20,2314.47,2282.97,2271.35,2298.80,2303.27,2311.88,2298.41,2278.05,2329.40,2298.67,2294.32,2315.63,2313.69,2349.71,2343.50
2022년07월05일,2391.47,2332.12,2312.12,2282.01,2270.17,2300.51,2302.00,2310.93,2294.95,2277.76,2331.15,2300.65,2292.79,2309.34,2314.06,2343.86,2343.50
2022년07월06일,2389.73,2330.27,2309.03,2280.55,2267.21,2295.64,2299.18,2309.68,2291.06,2275.64,2333.40,2297.61,2291.34,2309.34,2312.24,2337.29,2343.50
2022년07월07일,2387.64,2326.38,2306.65,2278.38,2265.43,2296.55,2299.32,2304.93,2287.51,2268.09,2328.65,2295.04,2291.00,2307.39,2308.98,2337.29,2343.50
2022년07월08일,2380.76,2323.19,2302.66,2268.81,2259.35,2288.20,2297.05,2298.73,2281.79,2259.51,2324.63,2291.64,2283.07,2297.35,2302.85,2337.29,2343.50
2022년07월09일,2375.04,2320.54,2297.99,2266.28,2259.29,2286.90,2293.86,2295.54,2280.27,2257.65,2320.72,2286.33,2279.41,2294.05,2297.84,2337.29,2339.75
2022년07월10일,2372.41,2320.26,2293.16,2265.54,2257.42,2285.20,2292.95,2294.99,2280.27,2252.53,2318.30,2285.67,2279.41,2292.91,2297.46,2345.86,2339.75
2022년07월11일,2374.50,2318.77,2293.47,2260.93,2256.81,2282.70,2291.67,2293.90,2279.82,2247.77,2318.48,2283.91,2277.69,2292.23,2300.23,2337.29,2339.75
2022년07월12일,2367.54,2313.46,2289.31,2250.84,2253.09,2276.90,2284.91,2290.37,2276.71,2246.84,2313.94,2278.83,2275.24,2284.66,2294.75,2288.14,2312.43
2022년07월13일,2360.08,2306.89,2283.82,2243.71,2251.35,2275.23,2272.14,2284.61,2273.02,2242.53,2307.73,2275.04,2259.72,2279.43,2289.52,2249.29,2306.71
2022년07월14일,2352.98,2294.58,2274.28,2236.83,2245.35,2268.20,2255.91,2277.93,2266.11,2236.30,2300.58,2260.04,2242.69,2263.86,2282.95,2249.29,2320.50
2022년07월15일,2343.75,2278.94,2267.12,2228.07,2240.04,2260.55,2247.68,2267.37,2258.05,2228.81,2294.77,2263.28,2237.24,2255.75,2271.47,2249.29,2308.00
2022년07월16일,2335.04,2277.67,2265.31,2220.83,2231.85,2257.13,2244.50,2260.70,2253.09,2223.44,2284.83,2257.39,2233.45,2248.36,2263.48,2249.29,2296.75
2022년07월17일,2332.48,2274.49,2265.01,2219.96,2229.25,2255.38,2240.00,2258.75,2248.53,2223.44,2296.04,2254.98,2233.07,2247.39,2258.29,2249.29,2296.75
2022년07월18일,2334.93,2272.96,2261.09,2217.61,2220.71,2253.48,2237.77,2254.32,2244.95,2219.49,2277.64,2252.22,2232.38,2246.48,2257.99,2235.00,2290.50
2022년07월19일,2320.72,2262.98,2248.21,2204.97,2212.60,2237.33,2224.86,2241.17,2231.42,2206.63,2266.91,2244.67,2221.07,2240.16,2252.06,2235.00,2284.25
2022년07월20일,2311.27,2247.37,2232.14,2195.91,2200.92,2223.78,2213.18,2231.27,2220.68,2193.28,2256.72,2240.41,2210.83,2227.25,2246.25,2235.00,2279.25
2022년07월21일,2305.13,2237.57,2224.69,2185.41,2190.04,2209.53,2206.36,2222.67,2215.18,2188.40,2253.23,2236.07,2193.33,2220.93,2241.78,2159.43,2272.00
2022년07월22일,2299.97,2234.11,2218.58,2174.46,2180.54,2200.70,2199.64,2212.30,2201.56,2183.09,2248.06,2230.20,2187.33,2209.61,2237.67,2159.43,2258.25
2022년07월23일,2287.36,2219.32,2207.88,2159.30,2166.38,2189.23,2179.82,2201.23,2193.97,2177.58,2238.08,2221.64,2173.03,2198.82,2226.82,2159.43,2241.50
2022년07월24일,2285.37,2217.23,2207.14,2153.74,2164.10,2187.55,2177.82,2196.15,2191.43,2174.09,2236.62,2220.33,2170.72,2196.43,2225.72,2121.43,2241.50
2022년07월25일,2282.77,2208.46,2201.31,2144.42,2155.98,2185.48,2176.32,2190.55,2187.55,2163.65,2224.98,2219.67,2169.00,2191.66,2220.91,2121.43,2223.00
2022년07월26일,2270.61,2197.98,2187.32,2132.25,2147.88,2176.65,2167.00,2179.32,2180.27,2156.58,2216.13,2223.28,2157.62,2185.16,2214.28,2097.14,2216.25
2022년07월27일,2262.37,2191.94,2176.01,2122.04,2137.02,2170.73,2159.86,2170.04,2171.73,2145.28,2214.21,2213.83,2153.48,2178.50,2206.71,2097.14,2205.00
2022년07월28일,2251.07,2175.71,2172.97,2113.55,2135.88,2167.88,2154.68,2159.19,2157.57,2143.19,2202.81,2211.87,2146.72,2171.98,2198.26,2097.14,2202.50
2022년07월29일,2242.20,2170.45,2164.25,2102.54,2128.02,2158.25,2149.68,2151.41,2147.22,2126.16,2190.26,2207.65,2138.72,2165.72,2188.01,2125.71,2197.50
2022년07월30일,2233.96,2164.17,2158.46,2097.35,2123.94,2155.90,2143.27,2146.03,2140.36,2122.65,2187.08,2204.17,2129.64,2159.13,2187.28,2125.71,2182.50
2022년07월31일,2232.44,2163.08,2156.96,2094.80,2123.52,2155.90,2143.73,2144.63,2136.97,2120.33,2187.08,2199.54,2126.83,2159.36,2185.87,2136.67,2179.00
2022년08월01일,2232.29,2160.20,2155.16,2090.45,2118.10,2154.65,2141.00,2139.76,2136.09,2116.37,2182.74,2199.33,2125.45,2157.18,2183.70,2125.71,2113.57
2022년08월02일,2230.50,2155.43,2146.26,2075.79,2113.65,2153.15,2131.45,2135.08,2134.54,2113.58,2178.13,2197.37,2116.24,2152.02,2181.56,2114.29,2113.57
2022년08월03일,2216.71,2146.69,2130.94,2068.51,2102.35,2148.88,2123.27,2125.49,2127.25,2106.60,2165.10,2194.31,2108.66,2141.58,2175.74,2114.29,2163.75
2022년08월04일,2207.01,2133.75,2132.72,2058.86,2095.88,2140.40,2106.00,2119.91,2115.61,2099.67,2156.25,2192.67,2106.83,2138.64,2164.63,2114.29,2156.25
2022년08월05일,2199.76,2126.11,2123.90,2048.64,2092.54,2141.90,2090.68,2112.53,2111.93,2096.81,2146.83,2185.54,2099.80,2134.00,2157.53,2114.29,2133.75
2022년08월06일,2191.42,2119.28,2118.64,2036.36,2085.42,2129.90,2079.05,2105.74,2104.18,2091.29,2144.19,2179.67,2086.33,2126.87,2150.79,2092.86,2131.25
2022년08월07일,2190.29,2118.31,2114.74,2034.62,2083.67,2128.40,2079.05,2103.30,2101.19,2091.47,2141.96,2173.50,2085.33,2125.31,2148.74,2085.71,2131.25
2022년08월08일,2190.36,2112.65,2113.91,2030.90,2075.85,2122.30,2074.50,2100.99,2097.31,2087.02,2140.75,2168.61,2085.17,2125.09,2145.85,2085.71,2093.57
2022년08월09일,2175.84,2103.14,2107.10,2026.99,2067.56,2111.40,2072.68,2089.55,2088.99,2082.51,2136.32,2156.67,2085.86,2117.87,2138.65,2080.00,2090.71
2022년08월10일,2166.52,2093.69,2098.31,2017.87,2058.38,2105.88,2062.55,2081.57,2079.75,2080.60,2127.67,2151.93,2069.38,2110.51,2133.01,2072.86,2116.25
2022년08월11일,2158.64,2086.80,2083.99,2010.59,2041.48,2098.38,2055.68,2075.10,2075.12,2076.88,2120.46,2146.50,2064.48,2102.22,2123.93,2047.50,2112.50
2022년08월12일,2154.23,2084.11,2078.70,2008.93,2023.75,2099.65,2048.86,2068.30,2061.48,2072.28,2115.30,2144.33,2051.86,2091.84,2101.28,2072.86,2087.50
2022년08월13일,2146.00,2074.05,2074.13,2001.96,2014.79,2092.45,2044.77,2060.83,2057.26,2063.67,2104.08,2134.22,2043.72,2089.91,2091.25,2060.00,2085.25
2022년08월14일,2143.21,2069.61,2073.41,1998.93,2013.48,2092.20,2042.95,2058.99,2054.42,2062.98,2104.08,2130.35,2042.69,2087.11,2084.88,2060.00,2076.50
2022년08월15일,2143.62,2066.45,2072.13,1999.28,2012.44,2090.65,2041.59,2053.76,2054.14,2062.05,2103.21,2129.04,2042.00,2086.00,2082.79,2060.00,2076.50
2022년08월16일,2140.61,2064.87,2063.29,1994.87,2010.98,2089.40,2040.23,2049.45,2051.59,2056.72,2099.85,2124.04,2038.48,2083.78,2079.81,2060.00,2067.50
2022년08월17일,2133.44,2056.95,2054.36,1982.37,2003.02,2078.48,2030.33,2040.91,2043.67,2054.00,2098.06,2114.91,2034.93,2075.62,2070.49,2031.43,2067.50
2022년08월18일,2129.94,2050.81,2040.03,1974.22,1994.27,2073.23,2029.73,2034.88,2039.75,2052.74,2090.02,2105.50,2030.07,2069.20,2063.43,2031.43,2025.00
2022년08월19일,2123.88,2044.10,2035.55,1969.57,1988.81,2063.80,2023.77,2029.14,2030.93,2042.84,2083.19,2100.72,2011.83,2063.29,2055.38,2029.29,2051.25
2022년08월20일,2119.20,2040.22,2033.14,1961.58,1985.06,2058.68,2022.86,2024.69,2026.68,2041.00,2079.13,2096.80,2005.28,2059.18,2053.91,2029.29,2051.25
2022년08월21일,2118.63,2039.37,2031.37,1959.23,1984.65,2056.73,2021.95,2023.50,2021.57,2038.93,2077.06,2093.98,2005.28,2054.47,2052.29,2029.29,2051.25
2022년08월22일,2115.92,2035.73,2027.86,1955.09,1976.33,2056.49,2018.77,2021.57,2016.18,2035.44,2070.85,2090.28,2002.52,2050.13,2048.47,2027.14,2051.25
2022년08월23일,2112.20,2028.00,2022.04,1950.77,1972.81,2055.49,2016.00,2018.18,2013.40,2032.77,2069.34,2081.80,1996.48,2048.18,2046.97,2027.14,2051.25
2022년08월24일,2109.89,2026.80,2020.60,1947.80,1970.96,2048.78,2016.00,2015.98,2009.69,2029.58,2068.21,2081.37,1989.00,2046.18,2038.49,2020.00,2051.25
2022년08월25일,2109.65,2025.87,2018.21,1947.38,1970.67,2047.39,2013.73,2015.45,2009.24,2029.58,2064.46,2081.37,1983.93,2045.49,2037.31,2020.00,2051.25
2022년08월26일,2107.62,2026.15,2015.67,1944.01,1968.79,2046.29,2013.73,2013.32,2005.64,2029.88,2063.69,2078.13,1978.41,2045.04,2043.81,2020.00,2051.25
2022년08월27일,2102.66,2025.92,2014.31,1943.74,1968.58,2046.29,2013.73,2010.55,2002.24,2028.52,2063.69,2082.48,1978.00,2045.93,2042.96,2020.00,2046.25
2022년08월28일,2102.48,2025.92,2015.68,1943.74,1968.79,2045.98,2013.73,2011.08,2002.17,2028.52,2063.69,2080.30,1978.00,2047.09,2041.53,2020.00,2046.25
2022년08월29일,2106.91,2022.90,2013.89,1945.04,1968.36,2046.29,2014.18,2012.47,2002.62,2029.43,2063.12,2081.17,1978.00,2047.09,2042.30,2020.00,2046.25
2022년08월30일,2106.97,2022.90,2013.96,1944.61,1966.87,2046.76,2016.45,2013.20,2001.99,2029.65,2062.73,2082.70,1978.00,2050.73,2035.10,2045.71,2043.75
2022년08월31일,2107.64,2024.12,2013.96,1945.13,1966.87,2046.39,2016.45,2013.96,2001.99,2030.53,2064.62,2077.96,1976.53,2051.86,2038.24,2050.00,2043.75
2022년09월01일,2107.95,2025.34,2013.24,1945.07,1967.72,2047.76,2016.45,2014.31,2001.84,2031.47,2065.68,2077.11,1977.29,2052.20,2035.91,2050.00,2043.75
2022년09월02일,2107.67,2024.84,2013.24,1944.64,1967.36,2047.02,2013.73,2014.02,2000.42,2030.73,2063.23,2074.11,1977.29,2051.75,2035.96,2050.00,2043.75
2022년09월03일,2103.49,2023.73,2013.24,1942.78,1966.94,2047.02,2013.27,2011.18,1997.99,2030.61,2058.15,2075.38,1977.29,2053.16,2036.47,2052.86,2043.75
2022년09월04일,2106.41,2020.29,2013.74,1942.78,1965.50,2046.78,2013.27,2012.77,1998.00,2029.49,2058.15,2079.20,1977.29,2057.70,2037.02,2052.86,2043.75
2022년09월05일,2110.42,2023.73,2012.87,1942.70,1965.50,2046.54,2013.27,2014.42,1996.81,2029.70,2058.15,2078.33,1977.53,2053.42,2035.84,2052.86,2043.75
2022년09월06일,2109.87,2023.44,2012.26,1941.51,1965.37,2047.27,2013.27,2014.22,1996.36,2027.55,2058.50,2078.33,1977.53,2049.86,2037.21,2052.86,2043.75
2022년09월07일,2108.70,2022.95,2012.26,1939.54,1965.37,2047.27,2013.27,2013.32,1996.06,2026.18,2054.36,2080.37,1977.53,2049.18,2037.25,2052.86,2043.75
2022년09월08일,2107.37,2019.42,2010.64,1937.44,1965.16,2047.02,2011.91,2012.62,1994.22,2024.48,2051.15,2080.37,1977.53,2046.89,2038.14,2048.75,2043.75
2022년09월09일,2104.63,2016.58,2007.21,1937.59,1965.37,2041.54,2011.91,2009.10,1993.41,2022.89,2048.13,2081.62,1975.20,2047.72,2036.03,2048.75,2038.75
2022년09월10일,2102.80,2021.45,2007.21,1932.22,1964.33,2040.56,2011.91,2007.45,1992.77,2022.20,2044.08,2076.09,1975.20,2045.98,2030.70,2048.75,2038.75
2022년09월11일,2102.79,2021.02,2007.21,1936.16,1964.57,2040.56,2011.91,2005.56,1994.81,2022.20,2041.91,2076.09,1975.20,2046.37,2030.02,2052.86,2038.75
2022년09월12일,2103.85,2019.80,2007.21,1936.73,1964.57,2040.56,2010.09,2008.25,1992.82,2022.20,2037.52,2076.09,1975.20,2046.37,2032.02,2048.75,2038.75
2022년09월13일,2104.01,2018.80,2007.21,1937.16,1963.94,2040.56,1996.45,2008.33,1994.79,2022.20,2044.47,2071.58,1975.20,2047.56,2031.68,2048.75,2038.75
2022년09월14일,2103.68,2017.13,2007.21,1938.94,1960.88,2039.93,1992.50,2008.12,1994.81,2021.75,2043.74,2068.88,1973.53,2040.73,2027.02,2048.75,2038.75
2022년09월15일,2103.24,2014.30,2007.21,1939.43,1960.98,2036.85,1992.95,2007.06,1995.12,2023.34,2048.83,2066.90,1971.83,2040.51,2027.06,2048.75,2040.00
2022년09월16일,2102.29,2014.41,2003.49,1937.46,1962.02,2037.10,2005.87,2005.88,1993.31,2020.39,2048.09,2063.77,1970.23,2038.56,2029.18,2039.38,2035.00
2022년09월17일,2095.06,2012.70,2002.91,1936.84,1961.78,2036.37,2005.87,2002.62,1990.51,2018.34,2047.81,2064.72,1969.10,2038.49,2025.24,2039.38,2027.50
2022년09월18일,2095.51,2012.65,2001.52,1935.53,1960.76,2036.12,2005.87,2002.66,1990.51,2017.20,2050.93,2061.32,1964.90,2038.27,2025.01,2039.38,2026.25
2022년09월19일,2099.16,2012.33,2000.63,1935.54,1960.76,2034.90,2001.52,2002.40,1988.68,2015.61,2050.55,2059.96,1964.52,2038.18,2024.19,2039.38,2026.25
2022년09월20일,2098.56,2010.33,1998.49,1934.37,1953.22,2035.34,2000.65,1999.97,1986.87,2014.32,2050.00,2055.89,1959.42,2035.53,2018.28,2009.38,2026.25
2022년09월21일,2095.21,1998.26,1995.50,1929.11,1950.16,2034.46,1998.91,1996.34,1978.82,2011.51,2036.22,2053.67,1959.42,2031.87,2008.91,2009.38,2027.50
2022년09월22일,2084.76,2001.68,1990.91,1924.07,1946.55,2029.78,1998.04,1992.53,1975.44,2008.67,2034.22,2049.10,1952.52,2028.84,2005.02,1998.13,2018.75
2022년09월23일,2079.18,1999.49,1985.26,1917.93,1940.48,2029.78,1998.04,1989.99,1970.76,2006.81,2024.96,2044.83,1944.48,2030.63,2006.52,1992.50,2015.63
2022년09월24일,2070.55,1996.90,1978.17,1910.19,1935.47,2026.78,1994.13,1984.95,1965.85,2006.02,2022.00,2035.06,1942.81,2027.89,2002.24,1992.50,2016.88
2022년09월25일,2068.90,1996.41,1977.11,1908.17,1934.14,2026.07,1994.13,1984.46,1967.19,2006.02,2020.24,2027.23,1937.94,2026.59,2001.64,1992.50,2018.13
2022년09월26일,2071.30,1994.31,1972.31,1902.43,1931.90,2023.45,1984.77,1982.76,1965.52,2004.60,2018.76,2025.98,1930.81,2025.33,1999.80,1992.50,2014.38
2022년09월27일,2067.33,1988.28,1961.41,1897.10,1928.88,2021.17,1982.64,1978.37,1958.45,2002.86,2015.43,2013.08,1928.55,2016.13,1996.06,1990.13,2014.38
2022년09월28일,2062.44,1979.80,1953.41,1890.44,1918.56,2013.86,1979.45,1969.93,1953.09,1999.88,2009.11,2003.58,1923.58,2007.48,1988.60,1985.63,2003.13
2022년09월29일,2059.00,1972.91,1946.77,1882.06,1916.46,2012.21,1978.00,1965.82,1943.32,1994.26,2003.04,1997.65,1918.42,2000.43,1984.34,1985.63,1999.38
2022년09월30일,2052.79,1965.06,1942.91,1876.58,1907.29,2009.28,1978.00,1960.48,1938.25,1990.83,1997.11,1995.56,1912.00,1996.91,1981.40,1985.63,1991.88
2022년10월01일,2046.12,1962.65,1935.67,1870.76,1903.88,2007.77,1978.45,1953.51,1932.87,1985.45,1999.85,1994.79,1908.45,1990.66,1981.30,1933.13,1991.88
2022년10월02일,2045.44,1962.28,1935.52,1869.80,1899.40,2007.53,1976.64,1952.34,1932.46,1984.98,1996.43,1994.80,1908.45,1987.21,1977.84,1924.38,1997.14
2022년10월03일,2048.81,1960.19,1938.70,1869.66,1899.19,2007.42,1976.64,1951.71,1929.09,1984.43,1996.24,1996.48,1908.45,1989.68,1977.61,1924.38,1988.13
2022년10월04일,2046.62,1957.52,1937.41,1869.52,1896.10,2007.42,1976.18,1949.09,1927.91,1983.76,1994.13,1997.46,1908.45,1987.04,1976.57,1924.38,1983.13
2022년10월05일,2042.88,1957.40,1935.19,1866.03,1895.58,1996.58,1976.18,1945.73,1925.36,1970.79,1988.21,1995.20,1904.81,1984.23,1970.26,1916.25,1984.38
2022년10월06일,2038.98,1958.18,1928.36,1862.35,1890.71,1998.30,1976.18,1939.56,1918.01,1968.53,1985.85,1993.64,1903.10,1982.87,1970.59,1916.25,1976.88
2022년10월07일,2036.67,1954.68,1922.71,1860.86,1889.08,1996.21,1976.18,1937.74,1917.79,1971.36,1983.87,1979.16,1898.26,1976.38,1969.30,1916.25,1976.88
2022년10월08일,2030.96,1954.18,1922.36,1858.83,1888.15,1996.21,1975.14,1935.62,1917.52,1973.98,1984.96,1978.18,1895.35,1979.67,1969.91,1920.00,1978.13
2022년10월09일,2033.45,1953.18,1922.36,1858.94,1888.15,1995.49,1974.23,1935.36,1917.38,1975.40,1986.02,1978.18,1895.03,1979.57,1970.26,1920.00,1976.88
2022년10월10일,2036.27,1953.56,1923.01,1858.46,1890.34,1995.49,1974.23,1935.63,1916.65,1975.64,1985.53,1978.08,1893.74,1979.57,1970.11,1920.00,1976.88
2022년10월11일,2037.65,1953.88,1922.36,1857.76,1887.73,1992.98,1974.23,1936.33,1916.51,1975.64,1985.43,1978.88,1893.74,1985.04,1970.03,1920.00,1976.88
2022년10월12일,2037.41,1953.88,1921.26,1857.28,1886.27,1992.75,1973.77,1936.75,1916.07,1976.12,1986.00,1978.28,1893.74,1979.67,1968.71,1920.00,1976.88
2022년10월13일,2038.06,1954.10,1921.11,1857.03,1883.83,1992.75,1972.82,1933.97,1914.91,1976.12,1986.57,1977.50,1892.45,1976.38,1968.85,1920.00,1978.13
2022년10월14일,2037.03,1954.10,1919.93,1857.46,1883.83,1992.30,1972.82,1933.42,1914.77,1975.26,1985.21,1975.16,1890.19,1973.30,1968.53,1943.38,1976.88
2022년10월15일,2033.53,1952.80,1920.85,1855.97,1883.49,1991.84,1972.82,1931.96,1912.87,1974.79,2001.09,1974.88,1890.19,1973.30,1968.26,1943.38,1976.88
2022년10월16일,2035.29,1952.96,1920.70,1855.83,1883.42,1991.61,1971.91,1932.13,1913.01,1974.56,2001.09,1974.68,1890.19,1973.30,1967.54,1943.38,1976.88
2022년10월17일,2037.63,1948.59,1920.42,1856.45,1883.42,1988.65,1971.14,1934.36,1913.01,1976.60,2001.09,1974.68,1890.19,1973.64,1967.52,1945.13,1976.88
2022년10월18일,2038.47,1952.48,1920.42,1856.61,1882.48,1989.11,1968.95,1934.12,1911.49,1976.83,2001.63,1974.68,1887.35,1973.51,1968.28,1946.00,1978.13
2022년10월19일,2038.72,1949.64,1919.39,1856.46,1882.16,1989.11,1967.91,1933.17,1911.20,1976.95,1983.36,1974.88,1884.13,1970.85,1965.79,1946.00,1976.88
2022년10월20일,2039.45,1945.44,1918.19,1856.61,1880.67,1985.02,1966.09,1932.76,1909.17,1974.67,1982.79,1970.08,1882.19,1965.87,1962.50,1946.00,1976.88
2022년10월21일,2039.16,1946.10,1917.90,1856.32,1880.06,1979.80,1966.09,1931.49,1909.61,1973.65,1983.45,1964.51,1876.30,1964.43,1963.21,1946.00,1979.38
2022년10월22일,2034.56,1942.45,1919.21,1855.58,1879.65,1978.82,1966.09,1929.51,1909.33,1972.95,1982.45,1969.37,1879.94,1962.62,1961.18,1938.50,1978.13
2022년10월23일,2033.86,1942.45,1919.21,1855.58,1879.24,1978.59,1964.27,1929.04,1910.61,1972.19,1982.45,1968.78,1879.94,1962.15,1959.90,1938.50,1976.88
2022년10월24일,2037.87,1940.77,1919.21,1855.72,1879.24,1977.91,1964.27,1930.85,1909.19,1971.95,1980.04,1969.37,1879.94,1962.15,1959.09,1938.50,1976.88
2022년10월25일,2036.53,1940.35,1919.63,1857.01,1879.24,1976.14,1963.36,1930.33,1909.33,1970.56,1979.02,1968.04,1877.84,1961.84,1958.72,1938.50,1974.38
2022년10월26일,2035.98,1940.35,1919.44,1856.47,1877.27,1968.73,1963.82,1929.06,1909.21,1967.07,1978.65,1965.33,1872.47,1957.80,1958.29,1938.50,1974.38
2022년10월27일,2035.87,1940.60,1916.23,1855.72,1877.21,1967.25,1963.82,1929.28,1907.64,1966.07,1978.43,1963.21,1875.26,1960.08,1958.12,1939.38,1974.38
2022년10월28일,2034.80,1939.20,1917.68,1855.67,1877.15,1965.95,1963.82,1929.03,1904.83,1964.64,1978.43,1960.33,1874.29,1959.67,1957.51,1939.38,1974.38
2022년10월29일,2030.32,1934.38,1920.35,1854.79,1876.31,1965.95,1963.82,1926.42,1906.26,1961.19,1978.64,1961.10,1872.35,1961.10,1957.22,1939.38,1974.38
2022년10월30일,2030.03,1934.38,1920.21,1853.61,1876.31,1965.95,1963.82,1925.98,1905.41,1958.12,1979.91,1960.90,1872.35,1958.81,1957.63,1945.43,1974.38
2022년10월31일,2033.92,1932.28,1919.93,1854.03,1877.77,1965.95,1963.82,1927.84,1905.55,1958.81,1982.09,1961.43,1870.74,1958.81,1957.49,1939.38,1975.63
2022년11월01일,2033.59,1929.19,1919.93,1851.79,1876.17,1965.61,1963.82,1927.05,1905.55,1958.77,1977.36,1959.83,1868.16,1958.08,1957.12,1939.38,1974.38
2022년11월02일,2031.48,1928.69,1919.93,1851.42,1876.17,1960.52,1963.82,1925.63,1904.41,1957.41,1977.18,1952.89,1864.29,1952.47,1953.13,1939.38,1974.38
2022년11월03일,2031.18,1928.27,1919.70,1848.93,1876.08,1960.32,1961.18,1925.04,1903.21,1958.77,1977.18,1952.89,1863.97,1951.02,1953.43,1939.38,1974.38
2022년11월04일,2031.14,1928.64,1918.58,1848.75,1874.96,1960.40,1961.18,1924.07,1899.47,1958.32,1971.70,1951.59,1866.81,1955.58,1952.84,1939.38,1974.38
2022년11월05일,2026.27,1928.69,1918.01,1848.70,1874.96,1960.40,1961.18,1922.41,1899.47,1958.55,1971.52,1952.33,1865.84,1953.71,1952.84,1939.38,1974.38
2022년11월06일,2026.90,1928.69,1916.61,1849.29,1874.96,1960.40,1961.18,1922.39,1899.47,1958.32,1971.52,1949.85,1867.77,1952.50,1953.13,1946.11,1971.88
2022년11월07일,2029.81,1929.93,1911.73,1849.21,1874.96,1960.63,1961.18,1923.72,1899.47,1958.32,1971.52,1949.85,1865.84,1952.50,1953.87,1946.11,1971.88
2022년11월08일,2031.13,1931.67,1917.61,1849.58,1876.02,1960.14,1961.18,1924.33,1900.33,1958.32,1970.79,1950.33,1867.81,1957.71,1956.99,1947.67,1971.88
2022년11월09일,2031.47,1934.34,1916.25,1850.77,1875.40,1960.84,1961.18,1925.09,1901.91,1958.32,1970.34,1950.33,1867.81,1955.82,1954.38,1947.67,1974.38
2022년11월10일,2030.34,1934.46,1914.90,1849.43,1873.78,1960.84,1960.95,1924.25,1901.91,1957.41,1972.21,1949.02,1868.87,1950.73,1954.82,1941.13,1973.13
2022년11월11일,2031.04,1934.65,1914.48,1850.29,1871.73,1960.84,1961.86,1923.55,1901.20,1956.91,1974.18,1946.67,1867.90,1950.73,1954.82,1927.67,1973.13
2022년11월12일,2027.14,1933.31,1914.18,1849.51,1871.73,1960.84,1960.50,1921.87,1900.91,1953.86,1974.18,1957.75,1867.58,1944.64,1954.82,1927.67,1973.13
2022년11월13일,2028.25,1933.31,1914.04,1850.47,1871.73,1960.84,1960.05,1921.70,1900.96,1953.64,1973.64,1951.89,1867.58,1949.50,1956.13,1927.67,1974.38
2022년11월14일,2030.10,1933.31,1914.04,1850.89,1871.73,1960.84,1960.05,1923.10,1900.34,1952.77,1974.18,1950.96,1867.58,1949.30,1956.44,1941.13,1973.13
2022년11월15일,2031.46,1933.87,1914.18,1849.99,1870.71,1960.60,1962.32,1922.27,1899.91,1952.77,1973.45,1948.85,1865.77,1949.00,1956.00,1941.13,1973.13
2022년11월16일,2029.79,1932.30,1915.18,1848.34,1870.51,1960.60,1961.86,1921.54,1899.77,1951.91,1972.04,1951.81,1864.23,1943.66,1956.77,1941.13,1973.13
2022년11월17일,2029.22,1932.70,1910.07,1848.44,1869.69,1960.60,1963.43,1923.41,1897.90,1951.00,1973.82,1950.76,1864.19,1942.06,1956.96,1941.13,1970.25
2022년11월18일,2027.96,1932.33,1912.37,1847.40,1866.92,1960.14,1963.43,1919.32,1895.39,1947.73,1973.46,1925.22,1864.19,1940.89,1956.66,1941.13,1970.25
2022년11월19일,2021.06,1928.30,1909.70,1843.53,1864.16,1960.14,1963.43,1915.12,1894.44,1944.67,1972.75,1923.83,1860.65,1945.10,1953.09,1941.13,1967.75
2022년11월20일,2021.06,1928.30,1908.70,1843.91,1863.76,1958.60,1963.43,1914.87,1894.15,1942.67,1973.89,1923.83,1859.68,1945.10,1949.90,1941.13,1966.50
2022년11월21일,2023.00,1926.63,1908.17,1842.79,1859.84,1957.33,1963.43,1914.90,1892.87,1940.67,1972.57,1916.63,1859.35,1944.19,1950.26,1941.13,1964.00
2022년11월22일,2020.03,1926.00,1904.81,1841.41,1858.24,1957.21,1961.05,1912.68,1890.65,1938.04,1970.25,1911.41,1859.35,1941.32,1949.30,1941.13,1962.75
2022년11월23일,2017.51,1924.07,1902.51,1839.43,1855.24,1954.88,1957.68,1909.05,1888.46,1934.71,1967.57,1907.07,1859.35,1936.48,1947.36,1929.88,1960.25
2022년11월24일,2015.46,1923.46,1893.28,1836.22,1852.29,1953.47,1954.50,1906.17,1885.38,1931.20,1965.66,1899.81,1858.71,1924.19,1945.64,1929.88,1950.63
2022년11월25일,2013.94,1920.93,1888.82,1830.72,1850.92,1952.72,1952.50,1903.62,1882.14,1929.20,1965.30,1898.33,1857.74,1919.02,1945.03,1926.13,1944.38
2022년11월26일,2012.43,1918.09,1885.18,1828.13,1849.35,1948.47,1949.59,1899.54,1880.29,1928.76,1964.05,1897.04,1853.23,1917.53,1941.83,1926.13,1894.29
2022년11월27일,2012.05,1914.63,1884.14,1828.42,1849.35,1950.55,1947.77,1898.15,1881.10,1929.85,1963.04,1895.46,1853.23,1920.63,1938.36,1930.29,1885.71
2022년11월28일,2013.74,1913.46,1883.08,1829.58,1845.82,1950.55,1947.77,1899.76,1883.80,1928.11,1962.50,1895.80,1852.90,1920.11,1940.13,1930.29,1885.71
2022년11월29일,2011.71,1909.46,1879.99,1828.09,1843.18,1950.07,1947.32,1898.43,1882.77,1924.09,1962.75,1891.15,1847.42,1919.47,1939.93,1930.29,1936.88
2022년11월30일,2015.46,1909.67,1877.61,1827.83,1842.78,1952.45,1941.86,1897.31,1882.34,1923.43,1961.68,1891.07,1846.77,1915.81,1937.38,1926.13,1936.88
2022년12월01일,2020.56,1907.60,1876.61,1825.74,1843.18,1948.19,1941.86,1898.32,1883.71,1923.22,1968.95,1889.33,1845.16,1909.56,1935.33,1926.13,1936.88
2022년12월02일,2026.84,1906.98,1875.22,1824.90,1842.78,1948.19,1941.05,1898.54,1883.57,1922.70,1968.60,1888.35,1844.84,1902.21,1930.74,1922.38,1938.13
2022년12월03일,2028.80,1904.73,1870.50,1824.84,1842.98,1951.85,1941.05,1897.55,1879.94,1921.39,1969.05,1886.05,1844.52,1900.23,1930.15,1921.13,1934.38
2022년12월04일,2027.12,1904.73,1870.22,1823.55,1841.98,1947.52,1939.68,1896.39,1881.17,1921.17,1968.87,1886.05,1853.23,1898.98,1930.15,1921.13,1935.63
2022년12월05일,2027.40,1902.95,1868.29,1820.84,1841.61,1947.70,1938.77,1894.59,1881.69,1919.98,1972.35,1886.89,1844.19,1897.63,1929.41,1921.13,1934.38
2022년12월06일,2025.01,1897.96,1857.16,1820.61,1836.69,1943.21,1944.78,1893.49,1877.34,1918.18,1966.35,1878.96,1842.90,1887.91,1932.26,1921.13,1935.63
2022년12월07일,2019.65,1891.72,1860.82,1818.49,1832.18,1940.58,1940.74,1890.68,1874.97,1918.87,1966.35,1876.09,1840.94,1885.15,1923.68,1910.29,1934.38
2022년12월08일,2017.06,1880.63,1855.53,1809.12,1831.59,1939.90,1938.48,1886.80,1869.80,1917.53,1969.56,1866.67,1840.32,1875.19,1919.54,1910.29,1936.88
2022년12월09일,2010.34,1872.26,1848.74,1794.93,1821.90,1938.15,1933.00,1878.48,1867.01,1908.98,1964.18,1861.56,1822.19,1871.77,1907.45,1910.29,1950.00
2022년12월10일,1998.56,1865.00,1840.79,1791.46,1816.51,1932.78,1929.39,1872.59,1863.61,1906.09,1953.77,1855.07,1815.61,1863.64,1905.28,1910.29,1950.00
2022년12월11일,1994.62,1865.38,1838.65,1790.57,1816.04,1931.05,1917.09,1868.98,1859.01,1903.20,1946.98,1870.42,1814.65,1864.83,1900.06,1910.29,1947.14
2022년12월12일,1986.14,1857.58,1831.28,1780.97,1811.38,1928.07,1913.91,1864.63,1855.41,1901.00,1946.56,1849.73,1813.19,1855.44,1890.54,1910.29,1923.13
2022년12월13일,1970.41,1852.35,1823.03,1772.19,1806.96,1919.24,1906.18,1848.59,1850.24,1892.24,1943.67,1845.88,1809.84,1847.88,1883.54,1910.29,1915.63
2022년12월14일,1955.49,1846.21,1818.07,1765.13,1803.66,1914.85,1906.18,1840.29,1847.84,1888.61,1926.93,1851.07,1805.00,1837.06,1880.77,1910.29,1910.63
2022년12월15일,1953.83,1841.78,1815.25,1755.06,1794.22,1912.10,1905.27,1832.45,1843.23,1876.13,1917.04,1839.52,1801.09,1827.16,1870.29,1921.50,1910.63
2022년12월16일,1950.28,1840.40,1813.07,1754.23,1791.24,1905.86,1903.91,1825.21,1834.96,1873.04,1907.64,1838.02,1797.81,1824.92,1870.14,1929.89,1903.13
2022년12월17일,1940.78,1834.96,1806.64,1747.99,1789.38,1889.65,1903.91,1820.67,1829.46,1863.84,1902.18,1830.18,1793.72,1820.24,1866.43,1929.89,1896.88
2022년12월18일,1939.66,1834.34,1806.64,1745.96,1789.38,1887.19,1900.73,1819.07,1827.46,1862.96,1902.44,1827.00,1793.56,1816.08,1861.00,1929.89,1896.88
2022년12월19일,1941.80,1830.59,1805.44,1742.50,1788.58,1885.79,1896.18,1817.62,1826.93,1860.04,1900.04,1826.45,1792.63,1812.08,1863.93,1929.89,1894.38
2022년12월20일,1936.96,1819.88,1799.47,1737.41,1783.02,1883.47,1892.27,1813.97,1820.97,1858.09,1898.36,1826.82,1786.22,1810.23,1860.52,1929.89,1890.63
2022년12월21일,1933.31,1804.11,1795.29,1736.19,1776.41,1880.16,1890.64,1812.48,1820.10,1856.17,1891.14,1821.82,1784.34,1807.63,1858.63,1921.13,1888.00
2022년12월22일,1930.74,1800.31,1793.32,1734.17,1774.49,1874.58,1888.59,1809.70,1817.43,1855.63,1885.95,1823.49,1782.85,1804.25,1843.54,1921.13,1888.00
2022년12월23일,1929.69,1794.65,1793.01,1731.57,1774.33,1873.74,1888.59,1807.47,1813.81,1853.07,1883.18,1817.93,1782.55,1802.65,1839.20,1921.13,1888.00
2022년12월24일,1927.69,1793.79,1792.73,1731.53,1772.47,1873.28,1888.59,1805.61,1811.27,1853.61,1883.09,1814.05,1782.24,1800.96,1839.54,1921.13,1888.00
2022년12월25일,1926.85,1793.30,1792.73,1730.28,1770.16,1873.28,1886.77,1805.16,1810.65,1852.96,1882.55,1813.51,1780.59,1802.43,1839.00,1921.13,1888.00
2022년12월26일,1925.90,1793.30,1792.44,1729.86,1767.92,1873.98,1886.77,1804.71,1809.94,1852.09,1875.27,1811.11,1778.64,1806.25,1839.00,1921.13,1888.00
2022년12월27일,1926.09,1792.63,1796.74,1729.59,1766.55,1873.74,1885.41,1803.92,1806.42,1852.54,1874.73,1811.50,1773.91,1802.52,1838.90,1921.13,1880.50
2022년12월28일,1926.12,1789.60,1796.60,1729.14,1764.94,1868.86,1884.50,1803.72,1806.42,1851.33,1873.89,1807.14,1773.76,1799.38,1838.30,1921.13,1880.50
2022년12월29일,1924.52,1787.40,1794.27,1729.83,1763.18,1872.79,1885.41,1802.83,1806.32,1850.67,1873.89,1806.70,1769.91,1802.71,1837.87,1921.13,1880.50
2022년12월30일,1923.96,1787.40,1794.97,1729.79,1764.16,1872.79,1885.41,1802.89,1804.42,1850.89,1873.89,1810.39,1769.91,1806.10,1837.72,1921.13,1821.29
2022년12월31일,1923.56,1789.23,1798.04,1731.56,1763.49,1872.79,1885.55,1803.86,1804.96,1853.07,1874.16,1809.75,1769.91,1806.31,1840.11,1921.13,1821.29
